binomial,order_,Amazonas,Antioquia,Arauca,Atlantico,Bolivar,Boyaca,Caldas,Caqueta,Casanare,Cauca,Cesar,Choco,Cordoba,Cundinamarca,Guainia,Guaviare,Huila,La.Guajira,Magdalena,Meta,Narino,Norte.de.Santander,Putumayo,Quindio,Risaralda,San.Andres.y.Providencia,Santander,Sucre,Tolima,Valle.del.Cauca,Vaupes,Vichada
Vampyrum spectrum,CHIROPTERA,1,1,1,1,1,1,1,1,1,1,1,1,1,1,1,1,1,1,1,1,1,1,1,1,1,NA,1,1,1,1,1,1
Vampyrodes major,CHIROPTERA,NA,1,NA,NA,1,1,1,NA,NA,1,NA,1,1,1,NA,NA,1,NA,NA,1,1,NA,NA,1,1,NA,1,1,1,1,NA,NA
Vampyrodes caraccioli,CHIROPTERA,1,NA,1,NA,NA,1,NA,1,1,1,NA,NA,NA,1,1,1,1,NA,NA,1,1,1,1,NA,NA,NA,1,NA,1,NA,1,1
Vampyriscus nymphaea,CHIROPTERA,NA,1,NA,NA,NA,NA,NA,NA,NA,1,NA,1,1,NA,NA,NA,NA,NA,NA,NA,1,NA,NA,1,1,NA,NA,NA,1,1,NA,NA
Vampyriscus brocki,CHIROPTERA,1,NA,NA,NA,NA,NA,NA,1,NA,NA,NA,NA,NA,NA,NA,NA,NA,NA,NA,NA,NA,NA,1,NA,NA,NA,NA,NA,NA,NA,1,NA
Vampyriscus bidens,CHIROPTERA,1,NA,1,NA,NA,1,NA,1,1,1,NA,NA,NA,1,1,1,1,NA,NA,1,1,1,1,NA,NA,NA,NA,NA,1,1,1,1
Vampyressa thyone,CHIROPTERA,1,1,1,1,1,1,1,1,1,1,1,1,1,1,1,1,1,1,1,1,1,1,1,1,1,NA,1,1,1,1,1,1
Vampyressa melissa,CHIROPTERA,NA,NA,NA,NA,NA,1,NA,1,1,1,1,NA,NA,1,NA,NA,1,NA,NA,1,NA,1,1,NA,NA,NA,1,NA,1,NA,NA,NA
Uroderma magnirostrum,CHIROPTERA,1,1,1,1,1,1,1,1,1,1,1,1,1,1,1,1,1,1,1,1,1,1,1,1,1,NA,1,1,1,1,1,1
Uroderma bilobatum,CHIROPTERA,1,NA,1,NA,NA,1,NA,1,1,1,NA,NA,NA,1,1,1,1,NA,NA,1,1,1,1,NA,NA,NA,1,NA,1,NA,1,1
Trinycteris nicefori,CHIROPTERA,1,1,1,1,1,1,NA,1,1,1,1,1,1,1,1,1,1,1,1,1,NA,1,1,NA,NA,NA,1,1,NA,NA,1,1
Trachops cirrhosus,CHIROPTERA,1,1,1,1,1,1,1,1,1,1,1,1,1,1,1,1,1,1,1,1,1,1,1,1,1,NA,1,1,1,1,1,1
Thyroptera tricolor,CHIROPTERA,1,NA,1,NA,NA,1,NA,1,1,1,NA,NA,NA,1,1,1,NA,NA,NA,1,1,1,1,NA,NA,NA,NA,NA,NA,NA,1,1
Thyroptera discifera,CHIROPTERA,1,1,1,1,1,1,1,1,1,1,1,1,1,1,1,1,1,1,1,1,1,1,1,1,1,NA,1,1,1,1,1,1
Tadarida brasiliensis,CHIROPTERA,NA,1,1,1,1,1,1,1,1,1,1,1,1,1,NA,NA,1,1,1,1,1,1,1,1,1,NA,1,1,1,1,NA,NA
Sturnira tildae,CHIROPTERA,1,NA,1,NA,NA,NA,NA,1,NA,1,NA,NA,NA,NA,1,1,NA,NA,NA,NA,1,NA,1,NA,NA,NA,NA,NA,NA,NA,1,1
Sturnira mistratensis,CHIROPTERA,NA,NA,NA,NA,NA,NA,NA,NA,NA,NA,NA,1,NA,NA,NA,NA,NA,NA,NA,NA,NA,NA,NA,NA,1,NA,NA,NA,NA,1,NA,NA
Sturnira magna,CHIROPTERA,1,NA,NA,NA,NA,1,NA,1,1,1,NA,NA,NA,1,NA,1,1,NA,NA,1,1,NA,1,NA,NA,NA,NA,NA,NA,NA,1,1
Sturnira luisi,CHIROPTERA,NA,1,NA,NA,NA,NA,NA,NA,NA,1,NA,1,1,NA,NA,NA,NA,NA,NA,NA,1,NA,NA,NA,1,NA,NA,NA,NA,1,NA,NA
Sturnira ludovici,CHIROPTERA,NA,1,1,1,1,1,1,NA,1,1,1,1,1,1,NA,NA,1,1,1,1,1,1,1,1,1,NA,1,1,1,1,NA,1
Sturnira koopmanhilli,CHIROPTERA,NA,NA,NA,NA,NA,NA,NA,NA,NA,1,NA,1,NA,NA,NA,NA,NA,NA,NA,NA,1,NA,NA,NA,1,NA,NA,NA,NA,1,NA,NA
Sturnira erythromos,CHIROPTERA,NA,1,1,1,1,1,1,1,1,1,1,1,1,1,NA,NA,1,1,1,1,1,1,1,1,1,NA,1,1,1,1,NA,1
Sturnira bogotensis,CHIROPTERA,NA,1,1,NA,NA,1,1,1,1,1,NA,1,NA,1,NA,NA,1,NA,NA,1,1,1,1,1,1,NA,1,NA,1,1,NA,NA
Sturnira bidens,CHIROPTERA,NA,1,1,NA,1,1,1,1,1,1,1,1,NA,1,NA,NA,1,NA,NA,1,1,1,1,1,1,NA,1,NA,1,1,NA,NA
Sturnira bakeri,CHIROPTERA,NA,NA,NA,NA,NA,NA,NA,NA,NA,NA,NA,1,NA,NA,NA,NA,NA,NA,NA,NA,NA,NA,NA,NA,NA,NA,NA,NA,NA,1,NA,NA
Sturnira aratathomasi,CHIROPTERA,NA,NA,NA,NA,NA,NA,NA,1,NA,1,NA,1,NA,1,NA,NA,1,NA,NA,1,1,NA,1,1,1,NA,NA,NA,1,1,NA,NA
Sphaeronycteris toxophyllum,CHIROPTERA,1,1,1,NA,1,1,NA,1,1,1,1,NA,NA,1,1,1,1,1,NA,1,NA,1,1,NA,NA,NA,1,NA,1,NA,1,1
Saccopteryx leptura,CHIROPTERA,1,1,1,1,1,1,1,1,1,1,1,1,1,1,1,1,1,1,1,1,1,1,1,1,1,NA,1,1,1,1,1,1
Saccopteryx canescens,CHIROPTERA,1,1,1,1,1,1,1,1,1,1,1,1,1,1,1,1,1,1,1,1,1,1,1,1,1,NA,1,1,1,1,1,1
Saccopteryx bilineata,CHIROPTERA,1,1,1,1,1,1,1,1,1,1,1,1,1,1,1,1,1,1,1,1,1,1,1,1,1,NA,1,1,1,1,1,1
Saccopteryx antioquensis,CHIROPTERA,NA,1,NA,NA,NA,NA,1,NA,NA,NA,NA,NA,NA,NA,NA,NA,NA,NA,NA,NA,NA,NA,NA,NA,NA,NA,NA,NA,1,NA,NA,NA
Rhynchonycteris naso,CHIROPTERA,1,1,1,1,1,1,1,1,1,1,1,1,1,1,1,1,1,1,1,1,1,1,1,1,1,NA,1,1,1,1,1,1
Rhogeessa minutilla,CHIROPTERA,NA,1,1,NA,NA,1,1,1,NA,1,1,NA,NA,1,NA,NA,1,1,1,1,NA,1,NA,1,NA,NA,1,NA,1,NA,NA,1
Rhogeessa io,CHIROPTERA,NA,1,1,1,1,1,1,1,1,1,1,1,1,1,NA,NA,1,1,1,1,1,1,NA,1,1,NA,1,1,1,1,NA,1
Rhinophylla pumilio,CHIROPTERA,1,NA,NA,NA,NA,NA,NA,1,NA,1,NA,NA,NA,NA,1,1,1,NA,NA,1,1,NA,1,NA,NA,NA,NA,NA,1,1,1,1
Rhinophylla fischerae,CHIROPTERA,1,1,1,NA,NA,1,1,1,1,1,NA,1,NA,1,1,1,1,NA,NA,1,1,NA,1,1,1,NA,1,NA,1,1,1,1
Rhinophylla alethina,CHIROPTERA,NA,NA,NA,NA,NA,NA,NA,NA,NA,1,NA,1,NA,NA,NA,NA,NA,NA,NA,NA,1,NA,NA,NA,1,NA,NA,NA,NA,1,NA,NA
Pteronotus personatus,CHIROPTERA,NA,1,NA,1,1,1,1,1,NA,1,1,1,1,1,NA,NA,1,1,1,1,1,1,1,NA,NA,NA,1,1,1,NA,NA,NA
Pteronotus gymnonotus,CHIROPTERA,NA,1,1,1,1,1,NA,1,1,1,1,1,1,1,NA,NA,NA,1,1,1,1,1,1,NA,NA,NA,1,1,NA,NA,NA,1
Pteronotus davyi,CHIROPTERA,NA,1,1,1,1,1,1,1,1,1,1,1,1,1,NA,1,1,1,1,1,NA,1,NA,1,1,NA,1,1,1,1,1,1
Promops nasutus,CHIROPTERA,1,NA,1,NA,NA,NA,NA,1,1,NA,NA,NA,NA,NA,1,1,NA,NA,NA,1,1,NA,1,NA,NA,NA,NA,NA,NA,NA,1,1
Promops centralis,CHIROPTERA,1,1,1,1,1,1,1,1,1,1,1,1,1,1,1,1,1,1,1,1,1,1,1,1,1,NA,1,1,1,1,1,1
Platyrrhinus vittatus,CHIROPTERA,NA,1,NA,1,1,1,1,NA,NA,1,1,1,1,1,NA,NA,NA,1,1,NA,1,1,NA,1,1,NA,1,1,1,1,NA,NA
Platyrrhinus umbratus,CHIROPTERA,NA,NA,NA,NA,NA,1,1,NA,1,1,1,NA,NA,1,NA,NA,1,1,1,1,NA,NA,NA,1,1,NA,NA,NA,1,1,NA,NA
Platyrrhinus nitelinea,CHIROPTERA,NA,NA,NA,NA,NA,NA,1,NA,NA,NA,NA,1,NA,NA,NA,NA,NA,NA,NA,NA,NA,NA,NA,NA,1,NA,NA,NA,NA,1,NA,NA
Platyrrhinus nigellus,CHIROPTERA,NA,NA,NA,NA,NA,NA,NA,NA,NA,NA,1,NA,NA,NA,NA,NA,NA,1,1,NA,1,NA,1,NA,NA,NA,NA,NA,NA,NA,NA,NA
Platyrrhinus ismaeli,CHIROPTERA,NA,NA,NA,NA,NA,NA,NA,1,NA,1,NA,NA,NA,NA,NA,NA,1,NA,NA,NA,1,NA,1,NA,NA,NA,NA,NA,NA,NA,NA,NA
Platyrrhinus infuscus,CHIROPTERA,1,1,1,NA,NA,1,1,1,1,1,NA,NA,NA,1,NA,NA,1,NA,NA,1,1,NA,1,1,NA,NA,1,NA,1,NA,NA,NA
Platyrrhinus incarum,CHIROPTERA,1,NA,NA,NA,NA,NA,NA,NA,NA,NA,NA,NA,NA,NA,NA,NA,NA,NA,NA,NA,NA,NA,1,NA,NA,NA,NA,NA,NA,NA,NA,NA
Platyrrhinus helleri,CHIROPTERA,1,1,1,1,1,1,1,1,1,1,1,1,1,1,1,1,1,1,1,1,1,1,1,1,1,NA,1,1,1,1,1,1
Platyrrhinus dorsalis,CHIROPTERA,NA,1,1,1,1,1,1,NA,NA,1,1,1,1,1,NA,NA,1,1,1,1,1,1,1,1,1,NA,1,1,1,1,NA,NA
Platyrrhinus chocoensis,CHIROPTERA,NA,NA,NA,NA,NA,NA,NA,NA,NA,1,NA,1,NA,NA,NA,NA,NA,NA,NA,NA,1,NA,NA,NA,NA,NA,NA,NA,NA,1,NA,NA
Platyrrhinus brachycephalus,CHIROPTERA,1,NA,1,NA,NA,1,NA,1,1,1,NA,NA,NA,1,1,1,1,NA,NA,1,1,NA,1,NA,NA,NA,1,NA,1,NA,1,1
Platyrrhinus angustirostris,CHIROPTERA,NA,1,1,NA,1,1,1,NA,1,NA,1,NA,1,1,NA,NA,NA,NA,NA,1,NA,1,NA,NA,NA,NA,1,NA,1,NA,NA,1
Platyrrhinus albericoi,CHIROPTERA,NA,NA,NA,NA,NA,NA,NA,1,NA,1,NA,NA,NA,1,NA,NA,1,NA,NA,1,1,NA,1,NA,NA,NA,NA,NA,1,NA,NA,NA
Phyllostomus latifolius,CHIROPTERA,1,NA,NA,NA,NA,NA,NA,1,NA,NA,NA,NA,NA,NA,1,1,NA,NA,NA,NA,NA,NA,NA,NA,NA,NA,NA,NA,NA,NA,1,NA
Phyllostomus hastatus,CHIROPTERA,1,1,1,1,1,1,1,1,1,1,1,1,1,1,1,1,1,1,1,1,1,1,1,1,1,NA,1,1,1,1,1,1
Phyllostomus elongatus,CHIROPTERA,1,NA,1,NA,NA,1,NA,1,1,1,NA,NA,NA,1,1,1,1,NA,NA,1,NA,1,1,NA,NA,NA,1,NA,1,NA,1,1
Phyllostomus discolor,CHIROPTERA,1,1,1,1,1,1,1,1,1,1,1,1,1,1,1,1,1,1,1,1,1,1,1,1,1,NA,1,1,1,1,1,1
Phylloderma stenops,CHIROPTERA,1,1,1,1,1,1,1,1,1,1,1,1,1,1,1,1,1,1,1,1,1,1,1,1,1,NA,1,1,1,1,1,1
Peropteryx pallidoptera,CHIROPTERA,1,NA,NA,NA,NA,NA,NA,1,1,1,NA,NA,NA,NA,NA,1,1,NA,NA,1,1,NA,1,NA,NA,NA,NA,NA,NA,NA,NA,1
Peropteryx macrotis,CHIROPTERA,1,1,1,1,1,1,1,1,1,1,1,1,1,1,1,1,1,1,1,1,1,1,1,1,1,NA,1,1,1,1,1,1
Peropteryx leucoptera,CHIROPTERA,1,NA,NA,NA,NA,NA,NA,1,NA,NA,NA,NA,NA,NA,1,1,NA,NA,NA,1,NA,NA,1,NA,NA,NA,NA,NA,NA,NA,1,NA
Peropteryx kappleri,CHIROPTERA,1,1,1,1,1,1,1,1,1,1,1,1,1,1,1,1,1,1,1,1,1,1,1,1,1,NA,1,1,1,1,1,1
Nyctinomops macrotis,CHIROPTERA,1,1,1,1,1,1,1,1,1,1,1,1,1,1,1,1,1,1,1,1,1,1,1,1,1,NA,1,1,1,1,1,1
Nyctinomops laticaudatus,CHIROPTERA,1,1,1,1,1,1,1,1,1,1,1,1,1,1,1,1,1,1,1,1,1,1,1,1,1,NA,1,1,1,1,1,1
Nyctinomops aurispinosus,CHIROPTERA,NA,1,1,1,1,1,1,1,1,1,1,1,1,1,NA,NA,1,1,1,1,1,1,1,1,1,NA,1,1,1,1,NA,NA
Noctilio leporinus,CHIROPTERA,1,1,1,1,1,1,1,1,1,1,1,1,1,1,1,1,1,1,1,1,1,1,1,1,1,NA,1,1,1,1,1,1
Noctilio albiventris,CHIROPTERA,1,1,1,1,1,1,1,1,1,1,1,1,1,1,1,1,1,1,1,1,1,1,1,1,1,NA,1,1,1,1,1,1
Neoplatymops mattogrossensis,CHIROPTERA,NA,NA,NA,NA,NA,NA,NA,NA,NA,NA,NA,NA,NA,NA,1,NA,NA,NA,NA,NA,NA,NA,NA,NA,NA,NA,NA,NA,NA,NA,NA,1
Natalus tumidirostris,CHIROPTERA,NA,1,1,1,1,1,NA,NA,1,NA,1,NA,1,NA,NA,NA,NA,1,1,NA,NA,1,NA,NA,NA,NA,1,1,NA,NA,NA,1
Natalus mexicanus,CHIROPTERA,NA,NA,NA,NA,NA,NA,NA,NA,NA,NA,NA,1,NA,NA,NA,NA,NA,NA,NA,NA,NA,NA,NA,NA,NA,NA,NA,NA,NA,NA,NA,NA
Myotis simus,CHIROPTERA,1,NA,NA,NA,NA,NA,NA,1,NA,1,NA,NA,NA,NA,NA,NA,1,NA,NA,NA,NA,NA,1,NA,NA,NA,NA,NA,NA,NA,NA,NA
Myotis riparius,CHIROPTERA,1,1,1,1,1,1,1,1,1,1,1,1,1,1,1,1,1,1,1,1,1,1,1,1,1,NA,1,1,1,1,1,1
Myotis oxyotus,CHIROPTERA,NA,1,1,1,1,1,1,NA,1,1,1,1,1,1,1,NA,1,1,1,NA,1,1,1,1,1,NA,1,1,1,1,NA,1
Myotis nigricans,CHIROPTERA,1,1,1,1,1,1,1,1,1,1,1,1,1,1,1,1,1,1,1,1,1,1,1,1,1,NA,1,1,1,1,1,1
Myotis keaysi,CHIROPTERA,NA,1,1,1,1,1,1,1,1,1,1,1,1,1,NA,NA,1,1,1,1,1,1,1,1,1,NA,1,1,1,1,NA,NA
Myotis diminutus,CHIROPTERA,NA,NA,NA,NA,NA,NA,NA,NA,NA,NA,NA,NA,NA,NA,NA,NA,NA,NA,NA,NA,1,NA,NA,NA,NA,NA,NA,NA,NA,NA,NA,NA
Myotis albescens,CHIROPTERA,1,1,1,1,1,1,1,1,1,1,1,1,1,1,1,1,1,1,1,1,1,1,1,1,1,NA,1,1,1,1,1,1
Mormoops megalophylla,CHIROPTERA,NA,1,NA,1,1,1,1,1,NA,1,1,1,1,1,NA,NA,1,1,1,1,1,1,1,1,1,NA,1,1,1,1,NA,NA
Molossus sinaloae,CHIROPTERA,NA,1,NA,1,1,1,1,NA,NA,1,1,1,1,1,NA,NA,1,1,1,NA,1,1,NA,1,1,NA,1,1,1,1,NA,NA
Molossus rufus,CHIROPTERA,1,1,1,1,1,1,1,1,1,1,1,1,1,1,1,1,1,1,1,1,1,1,1,1,1,NA,1,1,1,1,1,1
Molossus pretiosus,CHIROPTERA,1,1,1,1,1,1,1,1,1,1,1,1,1,1,1,1,1,1,1,1,1,1,1,1,1,NA,1,1,1,1,1,1
Molossus molossus,CHIROPTERA,1,1,1,1,1,1,1,1,1,1,1,1,1,1,1,1,1,1,1,1,1,1,1,1,1,NA,1,1,1,1,1,1
Molossus coibensis,CHIROPTERA,1,1,1,1,1,1,1,1,1,1,1,1,1,1,1,1,1,1,1,1,NA,1,1,1,1,NA,1,1,1,NA,1,1
Molossus bondae,CHIROPTERA,NA,1,1,1,1,1,1,NA,1,1,1,1,1,1,NA,NA,1,1,1,1,1,1,NA,1,1,NA,1,1,1,1,NA,NA
Molossops temmincki,CHIROPTERA,1,NA,1,NA,NA,1,NA,1,1,1,NA,NA,NA,1,1,1,1,NA,NA,1,NA,NA,1,NA,NA,NA,1,NA,1,NA,1,1
Molossops neglectus,CHIROPTERA,1,NA,1,NA,NA,NA,NA,1,1,NA,NA,NA,NA,NA,1,1,NA,NA,NA,1,NA,NA,1,NA,NA,NA,NA,NA,NA,NA,1,1
Mimon cozumelae,CHIROPTERA,NA,1,NA,1,1,1,1,NA,1,NA,1,1,1,1,NA,NA,1,NA,1,1,NA,1,NA,1,1,NA,1,1,1,1,NA,NA
Mimon bennettii,CHIROPTERA,NA,1,1,NA,1,1,1,1,1,NA,1,NA,1,1,1,1,1,NA,1,1,NA,1,NA,NA,NA,NA,1,1,1,NA,1,1
Micronycteris schmidtorum,CHIROPTERA,NA,NA,NA,NA,NA,NA,NA,NA,NA,NA,NA,1,NA,NA,NA,NA,NA,NA,NA,NA,NA,NA,NA,NA,NA,NA,NA,NA,NA,NA,NA,NA
Micronycteris minuta,CHIROPTERA,1,1,1,1,1,1,1,1,1,1,1,1,1,1,1,1,1,1,1,1,1,1,1,1,1,NA,1,1,1,1,1,1
Micronycteris microtis,CHIROPTERA,1,NA,1,1,1,1,1,NA,1,NA,1,1,NA,1,1,NA,NA,1,1,1,NA,1,NA,NA,NA,NA,NA,NA,1,NA,1,1
Micronycteris megalotis,CHIROPTERA,1,1,1,1,1,1,1,1,1,1,1,1,1,1,1,1,1,1,1,1,1,1,1,1,1,NA,1,1,1,1,1,1
Micronycteris hirsuta,CHIROPTERA,1,1,1,1,1,1,1,1,1,1,1,1,1,1,1,1,1,1,1,1,1,1,1,1,1,NA,1,1,1,1,1,1
Mesophylla macconnelli,CHIROPTERA,1,1,1,1,1,1,1,1,1,1,1,1,1,1,1,1,1,1,1,1,1,1,1,1,1,NA,1,1,1,1,1,1
Macrophyllum macrophyllum,CHIROPTERA,1,1,1,1,1,1,1,1,1,1,1,1,1,1,1,1,1,1,1,1,1,1,1,1,1,NA,1,1,1,1,1,1
Lophostoma occidentalis,CHIROPTERA,NA,NA,NA,NA,NA,NA,NA,NA,NA,1,NA,1,NA,NA,NA,NA,1,NA,NA,NA,1,NA,NA,NA,NA,NA,NA,NA,1,1,NA,NA
Lophostoma carrikeri,CHIROPTERA,1,NA,1,NA,NA,1,NA,1,1,NA,NA,NA,NA,1,1,1,NA,NA,NA,1,NA,NA,1,NA,NA,NA,NA,NA,NA,NA,1,1
Lophostoma brasiliense,CHIROPTERA,1,1,1,1,1,1,NA,1,1,1,1,1,1,1,1,1,1,1,1,1,NA,1,1,NA,NA,NA,NA,1,1,NA,1,1
Lonchorhina orinocensis,CHIROPTERA,NA,NA,1,NA,NA,NA,NA,1,1,NA,NA,NA,NA,1,1,1,1,NA,NA,1,NA,NA,NA,NA,NA,NA,NA,NA,NA,NA,NA,1
Lonchorhina marinkellei,CHIROPTERA,1,NA,NA,NA,NA,NA,NA,1,NA,NA,NA,NA,NA,NA,1,1,NA,NA,NA,NA,NA,NA,NA,NA,NA,NA,NA,NA,NA,NA,1,NA
Lonchorhina aurita,CHIROPTERA,1,1,1,1,1,1,1,1,1,1,1,1,1,1,1,1,1,1,1,1,1,1,1,1,1,NA,1,1,1,1,1,1
Lonchophylla robusta,CHIROPTERA,NA,1,1,1,1,1,1,1,1,1,1,1,1,1,NA,1,1,1,1,1,1,1,1,1,1,NA,1,1,1,1,NA,1
Lonchophylla orienticollina,CHIROPTERA,NA,1,1,NA,1,1,1,NA,1,NA,1,NA,NA,1,NA,NA,NA,1,NA,1,NA,1,NA,NA,NA,NA,1,NA,NA,NA,NA,NA
Lonchophylla handleyi,CHIROPTERA,NA,NA,NA,NA,NA,NA,NA,NA,NA,NA,NA,NA,NA,NA,NA,NA,NA,NA,NA,1,NA,NA,NA,NA,NA,NA,NA,NA,NA,NA,NA,NA
Lonchophylla fornicata,CHIROPTERA,NA,NA,NA,NA,NA,NA,NA,NA,NA,NA,NA,NA,NA,NA,NA,NA,NA,NA,NA,NA,1,NA,NA,NA,NA,NA,NA,NA,NA,1,NA,NA
Lonchophylla concava,CHIROPTERA,NA,1,NA,NA,NA,NA,1,NA,NA,NA,NA,1,NA,1,NA,NA,NA,NA,NA,NA,1,NA,NA,1,1,NA,NA,NA,1,NA,NA,NA
Lonchophylla chocoana,CHIROPTERA,NA,NA,NA,NA,NA,NA,NA,NA,NA,NA,NA,NA,NA,NA,NA,NA,NA,NA,NA,NA,1,NA,NA,NA,NA,NA,NA,NA,NA,NA,NA,NA
Lionycteris spurrelli,CHIROPTERA,1,1,1,1,1,1,1,1,1,1,1,1,1,1,1,1,1,1,1,1,1,1,1,1,1,NA,1,1,1,1,1,1
Lichonycteris obscura,CHIROPTERA,NA,1,NA,NA,NA,NA,NA,NA,NA,1,NA,1,1,NA,NA,NA,1,NA,NA,NA,1,NA,1,NA,1,NA,NA,1,NA,1,NA,NA
Lichonycteris degener,CHIROPTERA,1,1,1,NA,1,1,NA,1,1,1,1,NA,NA,1,NA,1,1,1,NA,1,NA,1,1,NA,NA,NA,1,NA,NA,NA,1,1
Leptonycteris curasoae,CHIROPTERA,NA,1,1,1,1,1,1,1,1,NA,1,NA,1,1,NA,NA,1,1,1,1,NA,1,NA,1,1,NA,1,1,1,1,NA,1
Lasiurus ega,CHIROPTERA,1,1,1,1,1,1,1,1,1,1,1,1,1,1,1,1,1,1,1,1,1,1,1,1,1,NA,1,1,1,1,1,1
Lampronycteris brachyotis,CHIROPTERA,1,NA,1,NA,NA,NA,NA,NA,1,NA,NA,NA,NA,NA,1,1,NA,NA,NA,1,NA,NA,NA,NA,NA,NA,NA,NA,NA,NA,1,1
Hsunycteris thomasi,CHIROPTERA,1,1,1,1,1,1,1,1,1,1,1,1,1,1,1,1,1,1,1,1,1,1,1,1,1,NA,1,1,1,1,1,1
Hsunycteris pattoni,CHIROPTERA,1,NA,NA,NA,NA,NA,NA,NA,NA,NA,NA,NA,NA,NA,NA,NA,NA,NA,NA,NA,NA,NA,NA,NA,NA,NA,NA,NA,NA,NA,NA,NA
Hsunycteris cadenai,CHIROPTERA,NA,1,NA,NA,NA,NA,1,NA,NA,NA,NA,1,NA,NA,NA,NA,NA,NA,NA,NA,NA,NA,NA,NA,NA,NA,NA,NA,NA,1,NA,NA
Histiotus humboldti,CHIROPTERA,NA,1,1,NA,NA,1,1,1,1,1,NA,NA,NA,1,1,NA,1,NA,NA,1,1,1,1,NA,1,NA,1,NA,1,1,NA,NA
Glyphonycteris sylvestris,CHIROPTERA,1,NA,1,NA,NA,1,NA,1,1,NA,NA,NA,NA,1,1,1,NA,NA,NA,1,NA,1,1,NA,NA,NA,NA,NA,NA,NA,1,1
Glyphonycteris daviesi,CHIROPTERA,1,NA,1,NA,NA,1,NA,1,1,1,NA,NA,NA,NA,1,1,NA,NA,NA,1,NA,NA,1,NA,NA,NA,NA,NA,NA,NA,1,1
Glossophaga soricina,CHIROPTERA,1,1,1,1,1,1,1,1,1,1,1,1,1,1,1,1,1,1,1,1,1,1,1,1,1,NA,1,1,1,1,1,1
Glossophaga longirostris,CHIROPTERA,NA,NA,1,1,1,1,NA,1,1,NA,1,NA,1,1,1,NA,1,1,1,1,NA,1,NA,NA,NA,NA,1,1,1,NA,NA,1
Glossophaga commissarisi,CHIROPTERA,1,1,1,1,1,1,1,1,1,1,1,1,NA,1,1,1,1,1,1,1,1,1,1,1,1,NA,1,1,1,1,1,1
Furipterus horrens,CHIROPTERA,1,1,1,1,1,1,1,1,1,1,1,1,1,1,1,1,1,1,1,1,1,1,1,1,1,NA,1,1,1,1,1,1
Eumops trumbulli,CHIROPTERA,1,NA,NA,NA,NA,NA,NA,1,1,NA,NA,NA,NA,NA,1,1,NA,NA,NA,1,NA,NA,1,NA,NA,NA,NA,NA,NA,NA,1,1
Eumops perotis,CHIROPTERA,1,NA,NA,NA,NA,NA,NA,1,NA,NA,NA,NA,NA,NA,NA,NA,NA,NA,NA,NA,NA,NA,NA,NA,NA,NA,NA,NA,NA,NA,1,NA
Eumops nanus,CHIROPTERA,NA,NA,NA,NA,NA,NA,NA,NA,NA,NA,NA,NA,NA,NA,NA,NA,NA,1,NA,NA,NA,NA,NA,NA,NA,NA,NA,NA,NA,NA,NA,NA
Eumops glaucinus,CHIROPTERA,1,1,1,1,1,1,1,1,1,1,1,1,1,1,1,1,1,1,1,1,1,1,1,1,1,NA,1,1,1,1,1,1
Eumops delticus,CHIROPTERA,1,NA,NA,NA,NA,NA,NA,1,NA,NA,NA,NA,NA,NA,1,1,NA,NA,NA,NA,NA,NA,1,NA,NA,NA,NA,NA,NA,NA,1,NA
Eumops dabbenei,CHIROPTERA,NA,1,1,1,1,1,NA,1,1,NA,1,NA,1,1,1,1,1,1,1,1,NA,1,NA,NA,NA,NA,1,1,1,NA,1,1
Eumops auripendulus,CHIROPTERA,1,1,1,1,1,1,1,1,1,1,1,1,1,1,1,1,1,1,1,1,1,1,1,1,1,NA,1,1,1,1,1,1
Enchisthenes hartii,CHIROPTERA,NA,1,1,1,1,1,1,1,1,1,1,1,1,1,NA,NA,1,1,1,1,1,1,1,1,1,NA,1,1,1,1,NA,1
Diphylla ecaudata,CHIROPTERA,1,1,1,1,1,1,1,1,1,1,1,1,1,1,NA,1,1,1,1,1,1,1,1,1,1,NA,1,1,1,1,NA,1
Diclidurus scutatus,CHIROPTERA,1,NA,NA,NA,NA,NA,NA,1,NA,NA,NA,NA,NA,NA,1,NA,NA,NA,NA,NA,NA,NA,1,NA,NA,NA,NA,NA,NA,NA,1,1
Diclidurus ingens,CHIROPTERA,1,NA,NA,NA,NA,NA,NA,1,NA,NA,NA,NA,NA,NA,1,1,NA,NA,NA,1,NA,NA,1,NA,NA,NA,NA,NA,NA,NA,1,1
Diclidurus albus,CHIROPTERA,1,1,1,1,1,1,1,1,1,1,1,1,1,1,1,1,1,1,1,1,1,1,1,1,1,NA,1,1,1,1,1,1
Desmodus rotundus,CHIROPTERA,1,1,1,1,1,1,1,1,1,1,1,1,1,1,1,1,1,1,1,1,1,1,1,1,1,NA,1,1,1,1,1,1
Dermanura rosenbergi,CHIROPTERA,NA,1,NA,NA,NA,NA,NA,NA,NA,1,NA,1,NA,NA,NA,NA,NA,NA,NA,NA,1,NA,NA,NA,1,NA,NA,NA,NA,1,NA,NA
Dermanura rava,CHIROPTERA,NA,1,NA,NA,1,1,1,NA,NA,1,NA,1,1,1,NA,NA,NA,NA,NA,NA,1,NA,NA,1,1,NA,1,NA,1,1,NA,NA
Dermanura phaeotis,CHIROPTERA,1,1,1,1,1,1,1,1,1,1,1,1,1,1,1,1,1,1,1,1,1,1,1,1,1,NA,1,1,1,1,1,1
Dermanura gnoma,CHIROPTERA,1,NA,1,NA,NA,1,NA,1,1,1,NA,NA,NA,1,1,1,1,NA,NA,1,NA,1,1,NA,NA,NA,1,NA,1,NA,1,1
Dermanura glauca,CHIROPTERA,1,NA,1,NA,NA,1,NA,1,1,1,1,NA,NA,1,1,1,1,1,NA,1,NA,NA,1,NA,NA,NA,NA,NA,NA,NA,1,1
Dermanura bogotensis,CHIROPTERA,1,NA,NA,NA,NA,1,NA,1,1,1,NA,NA,NA,1,NA,NA,1,NA,NA,1,1,NA,1,NA,NA,NA,1,NA,1,1,NA,NA
Dermanura anderseni,CHIROPTERA,1,NA,NA,NA,NA,NA,NA,1,NA,NA,NA,NA,NA,NA,NA,NA,NA,NA,NA,NA,1,NA,1,NA,NA,NA,NA,NA,NA,NA,1,NA
Cyttarops alecto,CHIROPTERA,1,NA,NA,NA,NA,NA,NA,NA,NA,NA,NA,NA,NA,NA,NA,NA,NA,NA,NA,NA,NA,NA,NA,NA,NA,NA,NA,NA,NA,NA,NA,NA
Cynomops planirostris,CHIROPTERA,1,1,1,1,1,1,NA,1,1,NA,1,1,1,1,1,1,NA,1,1,1,NA,1,1,NA,NA,NA,1,1,NA,NA,1,1
Cynomops greenhalli,CHIROPTERA,1,1,1,1,1,1,1,1,1,1,1,1,1,1,1,1,1,1,1,1,1,1,1,1,1,NA,1,1,1,1,1,1
Cynomops abrasus,CHIROPTERA,1,1,NA,NA,NA,1,1,1,1,1,NA,1,NA,1,1,1,1,NA,NA,1,1,NA,1,1,1,NA,NA,NA,1,1,1,1
Cormura brevirostris,CHIROPTERA,1,NA,1,NA,NA,1,NA,1,1,1,NA,1,NA,1,1,1,1,NA,NA,1,1,NA,1,NA,NA,NA,NA,NA,1,NA,1,1
Chrotopterus auritus,CHIROPTERA,1,1,1,1,1,1,NA,1,1,1,1,1,1,1,1,1,1,1,1,1,1,1,1,NA,NA,NA,1,1,1,NA,1,1
Choeroniscus periosus,CHIROPTERA,NA,NA,NA,NA,NA,NA,NA,NA,NA,1,NA,1,NA,NA,NA,NA,NA,NA,NA,NA,1,NA,NA,NA,1,NA,NA,NA,NA,1,NA,NA
Choeroniscus minor,CHIROPTERA,1,NA,1,NA,NA,1,NA,1,1,NA,NA,NA,NA,1,1,1,1,NA,NA,1,NA,NA,1,NA,NA,NA,NA,NA,1,NA,1,1
Choeroniscus godmani,CHIROPTERA,NA,1,1,1,1,1,1,1,1,1,1,1,1,1,1,1,1,1,1,1,NA,1,NA,1,1,NA,1,1,1,1,NA,1
Chiroderma villosum,CHIROPTERA,1,1,1,1,1,1,1,1,1,1,1,1,1,1,1,1,1,1,1,1,1,1,1,1,1,NA,1,1,1,1,1,1
Chiroderma trinitatum,CHIROPTERA,1,1,1,1,1,1,1,1,1,1,1,1,1,1,1,1,1,1,1,1,1,1,1,NA,1,NA,1,1,1,1,1,1
Chiroderma salvini,CHIROPTERA,1,1,1,1,1,1,1,1,1,1,1,1,1,1,NA,1,1,1,1,1,1,1,1,1,1,NA,1,1,1,1,NA,1
Chilonatalus micropus,CHIROPTERA,NA,NA,NA,NA,NA,NA,NA,NA,NA,NA,NA,NA,NA,NA,NA,NA,NA,NA,NA,NA,NA,NA,NA,NA,NA,1,NA,NA,NA,NA,NA,NA
Centurio senex,CHIROPTERA,NA,1,1,1,1,1,1,NA,1,NA,1,1,1,1,NA,NA,NA,1,1,NA,NA,1,NA,NA,1,NA,1,1,NA,NA,NA,NA
Centronycteris maximiliani,CHIROPTERA,1,NA,NA,NA,NA,NA,NA,1,NA,NA,NA,NA,NA,NA,1,1,NA,NA,NA,NA,NA,NA,NA,NA,NA,NA,NA,NA,NA,NA,1,NA
Centronycteris centralis,CHIROPTERA,1,1,1,1,1,1,1,1,1,1,1,1,1,1,NA,1,1,1,1,1,1,1,1,1,1,NA,1,1,1,1,1,1
Carollia perspicillata,CHIROPTERA,1,1,1,1,1,1,1,1,1,1,1,1,1,1,1,1,1,1,1,1,1,1,1,1,1,NA,1,1,1,1,1,1
Carollia monohernandezi,CHIROPTERA,NA,NA,NA,NA,NA,NA,NA,1,NA,NA,NA,NA,NA,NA,NA,NA,NA,NA,NA,NA,NA,NA,NA,NA,NA,NA,NA,NA,NA,NA,NA,NA
Carollia castanea,CHIROPTERA,1,1,1,1,1,1,1,1,1,1,1,1,1,1,1,1,1,1,1,1,1,1,1,1,1,NA,1,1,1,1,1,1
Carollia brevicauda,CHIROPTERA,1,1,1,1,1,1,1,1,1,1,1,1,1,1,1,1,1,1,1,1,1,1,1,1,1,NA,1,1,1,1,1,1
Balantiopteryx infusca,CHIROPTERA,NA,NA,NA,NA,NA,NA,NA,NA,NA,NA,NA,NA,NA,NA,NA,NA,NA,NA,NA,NA,NA,NA,NA,NA,NA,NA,NA,NA,NA,1,NA,NA
Artibeus planirostris,CHIROPTERA,1,NA,1,NA,NA,NA,NA,1,1,NA,NA,NA,NA,NA,1,1,NA,NA,NA,1,NA,NA,1,NA,NA,NA,NA,NA,NA,NA,1,1
Artibeus obscurus,CHIROPTERA,1,NA,NA,NA,NA,NA,NA,1,1,1,NA,NA,NA,NA,1,1,1,NA,NA,1,1,NA,1,NA,NA,NA,NA,NA,NA,NA,1,1
Artibeus lituratus,CHIROPTERA,1,1,1,1,1,1,1,1,1,1,1,1,1,1,1,1,1,1,1,1,1,1,1,1,1,NA,1,1,1,1,1,1
Artibeus jamaicensis,CHIROPTERA,NA,1,NA,1,1,NA,NA,NA,NA,NA,1,1,1,NA,NA,NA,NA,1,1,NA,NA,NA,NA,NA,NA,NA,NA,1,NA,NA,NA,NA
Artibeus concolor,CHIROPTERA,1,NA,1,NA,NA,NA,NA,1,1,NA,NA,NA,NA,NA,1,1,NA,NA,NA,1,NA,NA,1,NA,NA,NA,NA,NA,NA,NA,1,1
Artibeus amplus,CHIROPTERA,NA,1,1,1,1,1,1,1,1,1,1,1,1,1,1,NA,1,1,1,1,1,1,1,1,1,NA,1,1,1,1,NA,1
Artibeus aequatorialis,CHIROPTERA,NA,NA,NA,NA,NA,NA,NA,NA,NA,1,NA,NA,NA,NA,NA,NA,1,NA,NA,NA,1,NA,1,NA,NA,NA,NA,NA,1,1,NA,NA
Anoura peruana,CHIROPTERA,NA,1,NA,NA,1,1,1,1,1,1,NA,NA,NA,1,NA,1,1,NA,NA,1,1,NA,1,1,1,NA,1,NA,1,1,NA,NA
Anoura luismanueli,CHIROPTERA,NA,NA,1,NA,NA,1,NA,NA,1,NA,NA,NA,NA,1,NA,NA,1,NA,NA,1,NA,1,NA,NA,NA,NA,1,NA,1,NA,NA,NA
Anoura latidens,CHIROPTERA,NA,1,1,NA,NA,1,1,1,1,1,1,1,1,1,NA,NA,1,1,NA,1,1,1,1,1,1,NA,1,NA,1,1,NA,NA
Anoura geoffroyi,CHIROPTERA,NA,1,1,1,1,1,1,1,1,1,1,1,1,1,1,1,1,1,1,1,1,1,1,1,1,NA,1,1,1,1,1,1
Anoura fistulata,CHIROPTERA,NA,NA,NA,NA,NA,NA,NA,1,NA,1,NA,NA,NA,NA,NA,NA,NA,NA,NA,NA,1,NA,1,NA,NA,NA,NA,NA,NA,NA,NA,NA
Anoura cultrata,CHIROPTERA,NA,1,1,NA,NA,1,1,1,1,1,1,1,1,1,NA,NA,1,NA,NA,1,1,1,1,1,1,NA,1,NA,1,1,NA,NA
Anoura caudifer,CHIROPTERA,1,1,1,NA,1,1,1,1,1,1,1,NA,NA,1,1,1,1,1,1,1,1,1,1,1,1,NA,1,NA,1,1,1,1
Anoura cadenai,CHIROPTERA,NA,NA,NA,NA,NA,NA,NA,NA,NA,1,NA,1,NA,NA,NA,NA,NA,NA,NA,NA,NA,NA,NA,NA,NA,NA,NA,NA,NA,1,NA,NA
Anoura aequatoris,CHIROPTERA,NA,1,NA,NA,NA,1,1,1,NA,1,NA,NA,NA,1,NA,NA,1,NA,NA,1,1,NA,1,1,1,NA,NA,NA,1,1,NA,NA
Ametrida centurio,CHIROPTERA,1,1,1,1,1,1,1,NA,1,NA,1,1,1,1,1,1,NA,1,1,1,NA,1,NA,NA,NA,NA,1,1,1,NA,1,1
Dasypus sabanicola,CINGULATA,NA,NA,1,NA,NA,NA,NA,NA,1,NA,NA,NA,NA,1,NA,NA,NA,NA,NA,1,NA,NA,NA,NA,NA,NA,NA,NA,NA,NA,NA,1
Dasypus novemcinctus,CINGULATA,1,1,1,1,1,1,1,1,1,1,1,1,1,1,1,1,1,1,1,1,1,1,1,1,1,NA,1,1,1,1,1,1
Philander andersoni,DIDELPHIMORPHIA,1,NA,NA,NA,NA,NA,NA,1,NA,NA,NA,NA,NA,NA,1,NA,NA,NA,NA,NA,1,NA,1,NA,NA,NA,NA,NA,NA,NA,1,NA
Monodelphis palliolata,DIDELPHIMORPHIA,NA,NA,NA,NA,NA,NA,NA,NA,NA,NA,1,NA,NA,NA,NA,NA,NA,NA,NA,NA,NA,1,NA,NA,NA,NA,NA,NA,NA,NA,NA,NA
Monodelphis brevicaudata,DIDELPHIMORPHIA,NA,NA,NA,NA,NA,NA,NA,NA,NA,NA,NA,NA,NA,NA,1,NA,NA,NA,NA,NA,NA,NA,NA,NA,NA,NA,NA,NA,NA,NA,NA,NA
Monodelphis adusta,DIDELPHIMORPHIA,NA,1,1,NA,1,1,NA,1,1,1,1,NA,NA,1,NA,1,1,1,1,1,1,1,1,NA,NA,NA,1,NA,1,NA,NA,NA
Marmosops handleyi,DIDELPHIMORPHIA,NA,1,NA,NA,NA,NA,NA,NA,NA,NA,NA,NA,NA,NA,NA,NA,NA,NA,NA,NA,NA,NA,NA,NA,NA,NA,NA,NA,NA,NA,NA,NA
Marmosops caucae,DIDELPHIMORPHIA,NA,1,NA,NA,NA,1,NA,1,NA,1,1,1,1,1,NA,NA,1,1,1,1,1,1,1,1,1,NA,1,NA,1,1,NA,NA
Marmosa xerophila,DIDELPHIMORPHIA,NA,NA,NA,NA,NA,NA,NA,NA,NA,NA,NA,NA,NA,NA,NA,NA,NA,1,NA,NA,NA,NA,NA,NA,NA,NA,NA,NA,NA,NA,NA,NA
Marmosa robinsoni,DIDELPHIMORPHIA,NA,NA,1,1,1,1,NA,1,NA,1,1,NA,NA,1,NA,NA,1,1,1,1,NA,1,NA,NA,NA,NA,NA,1,1,NA,NA,NA
Marmosa lepida,DIDELPHIMORPHIA,1,NA,NA,NA,NA,1,NA,1,1,1,NA,NA,NA,1,1,1,1,NA,NA,1,1,NA,1,NA,NA,NA,NA,NA,1,NA,1,1
Lutreolina crassicaudata,DIDELPHIMORPHIA,NA,NA,1,NA,NA,1,NA,NA,1,NA,NA,NA,NA,1,NA,NA,NA,NA,NA,1,NA,NA,NA,NA,NA,NA,NA,NA,NA,NA,NA,1
Gracilinanus marica,DIDELPHIMORPHIA,NA,NA,1,NA,NA,1,NA,NA,1,NA,1,NA,NA,1,NA,NA,NA,1,1,1,NA,1,NA,NA,NA,NA,1,NA,1,NA,NA,NA
Gracilinanus emiliae,DIDELPHIMORPHIA,NA,NA,NA,NA,NA,NA,NA,NA,NA,NA,NA,NA,NA,NA,1,NA,NA,NA,NA,NA,NA,NA,NA,NA,NA,NA,NA,NA,NA,NA,NA,NA
Gracilinanus dryas,DIDELPHIMORPHIA,NA,NA,NA,NA,NA,NA,NA,NA,NA,NA,NA,NA,NA,1,NA,NA,NA,NA,NA,NA,NA,1,NA,NA,NA,NA,NA,NA,1,NA,NA,NA
Didelphis pernigra,DIDELPHIMORPHIA,NA,1,1,NA,1,1,1,1,NA,1,1,NA,NA,1,NA,NA,1,1,NA,1,1,1,1,1,1,NA,1,NA,1,1,NA,NA
Didelphis marsupialis,DIDELPHIMORPHIA,1,1,1,1,1,1,1,1,1,1,1,1,1,1,1,1,1,1,1,1,1,1,1,1,1,NA,1,1,1,1,1,1
Chironectes minimus,DIDELPHIMORPHIA,1,1,1,1,1,1,1,1,1,1,1,1,1,1,1,1,1,1,1,1,1,1,1,1,1,NA,1,1,1,1,1,1
Caluromys lanatus,DIDELPHIMORPHIA,1,1,1,NA,NA,1,1,1,1,1,1,1,1,1,1,1,1,1,1,1,1,1,1,1,1,NA,1,NA,1,1,1,1
Caluromys derbianus,DIDELPHIMORPHIA,NA,1,NA,NA,NA,NA,NA,NA,NA,1,NA,1,1,NA,NA,NA,NA,NA,NA,NA,1,NA,NA,NA,1,NA,NA,NA,NA,1,NA,NA
Cryptotis thomasi,EULIPOTYPHLA,NA,NA,NA,NA,NA,1,NA,1,1,NA,NA,NA,NA,1,NA,NA,1,NA,NA,1,NA,NA,NA,NA,NA,NA,NA,NA,NA,NA,NA,NA
Cryptotis tamensis,EULIPOTYPHLA,NA,NA,NA,NA,NA,NA,NA,NA,NA,NA,NA,NA,NA,NA,NA,NA,NA,NA,NA,NA,NA,1,NA,NA,NA,NA,1,NA,NA,NA,NA,NA
Cryptotis squamipes,EULIPOTYPHLA,NA,NA,NA,NA,NA,NA,NA,1,NA,1,NA,NA,NA,NA,NA,NA,1,NA,NA,NA,1,NA,1,NA,NA,NA,NA,NA,1,1,NA,NA
Cryptotis perijensis,EULIPOTYPHLA,NA,NA,NA,NA,NA,NA,NA,NA,NA,NA,1,NA,NA,NA,NA,NA,NA,1,NA,NA,NA,NA,NA,NA,NA,NA,NA,NA,NA,NA,NA,NA
Cryptotis medellinius,EULIPOTYPHLA,NA,1,NA,NA,NA,NA,1,NA,NA,NA,NA,NA,NA,NA,NA,NA,NA,NA,NA,NA,NA,NA,NA,1,1,NA,NA,NA,1,NA,NA,NA
Cryptotis colombianus,EULIPOTYPHLA,NA,1,NA,NA,NA,NA,1,NA,NA,NA,NA,NA,NA,NA,NA,NA,NA,NA,NA,NA,NA,NA,NA,NA,NA,NA,NA,NA,NA,NA,NA,NA
Cryptotis brachyonyx,EULIPOTYPHLA,NA,NA,NA,NA,NA,NA,NA,NA,NA,NA,NA,NA,NA,1,NA,NA,NA,NA,NA,NA,NA,NA,NA,NA,NA,NA,NA,NA,1,NA,NA,NA
Sylvilagus floridanus,LAGOMORPHA,NA,1,NA,1,1,1,1,NA,NA,NA,1,NA,1,1,NA,NA,NA,1,1,NA,NA,1,NA,1,1,NA,1,1,1,1,NA,NA
Tapirus terrestris,PERISSODACTYLA,1,1,1,NA,1,1,NA,1,1,1,1,NA,1,1,1,1,NA,1,1,1,1,1,1,NA,NA,NA,1,1,NA,NA,1,1
Tapirus pinchaque,PERISSODACTYLA,NA,NA,NA,NA,NA,NA,1,1,NA,1,NA,NA,NA,1,NA,NA,1,NA,NA,1,1,NA,1,1,1,NA,NA,NA,1,1,NA,NA
Tapirus bairdii,PERISSODACTYLA,NA,1,NA,NA,1,NA,NA,NA,NA,NA,NA,NA,1,NA,NA,NA,NA,NA,NA,NA,NA,NA,NA,NA,NA,NA,NA,NA,NA,NA,NA,NA
Tamandua tetradactyla,PILOSA,1,NA,1,NA,NA,NA,NA,1,1,1,NA,NA,NA,1,1,1,1,NA,NA,1,1,NA,1,NA,NA,NA,NA,NA,NA,NA,1,1
Tamandua mexicana,PILOSA,NA,1,NA,1,1,1,1,NA,NA,1,1,1,1,1,NA,NA,NA,1,1,NA,1,1,NA,1,1,NA,1,1,1,1,NA,NA
Myrmecophaga tridactyla,PILOSA,1,1,1,1,1,1,NA,1,1,1,1,1,1,1,1,1,NA,1,1,1,1,1,1,NA,1,NA,NA,1,NA,1,1,1
Choloepus hoffmanni,PILOSA,NA,1,NA,1,1,1,1,NA,NA,1,1,1,1,1,NA,NA,1,1,1,NA,1,1,NA,NA,NA,NA,1,1,1,1,NA,NA
Choloepus didactylus,PILOSA,1,NA,NA,NA,NA,NA,NA,1,1,1,NA,NA,NA,1,1,1,NA,NA,NA,1,1,NA,1,NA,NA,NA,NA,NA,NA,NA,1,1
Bradypus variegatus,PILOSA,1,1,1,1,1,1,1,1,1,1,1,1,1,1,1,1,1,1,1,1,1,1,1,1,1,NA,1,1,1,1,1,1
Sapajus apella,PRIMATES,1,NA,1,NA,NA,1,NA,1,1,NA,NA,NA,NA,1,1,1,1,NA,NA,1,NA,NA,1,NA,NA,NA,NA,NA,1,NA,1,1
Saimiri cassiquiarensis,PRIMATES,NA,NA,1,NA,NA,1,NA,NA,1,NA,NA,NA,NA,1,NA,1,1,NA,NA,1,NA,NA,NA,NA,NA,NA,NA,NA,NA,NA,NA,NA
Saguinus oedipus,PRIMATES,NA,1,NA,1,1,NA,NA,NA,NA,NA,NA,1,1,NA,NA,NA,NA,NA,1,NA,NA,NA,NA,NA,NA,NA,NA,1,NA,NA,NA,NA
Saguinus leucopus,PRIMATES,NA,1,NA,NA,1,1,1,NA,NA,NA,1,NA,NA,1,NA,NA,NA,NA,1,NA,NA,NA,NA,NA,NA,NA,1,1,1,NA,NA,NA
Saguinus inustus,PRIMATES,1,NA,NA,NA,NA,NA,NA,1,NA,NA,NA,NA,NA,NA,1,1,NA,NA,NA,1,NA,NA,NA,NA,NA,NA,NA,NA,NA,NA,1,1
Saguinus geoffroyi,PRIMATES,NA,1,NA,NA,NA,NA,NA,NA,NA,NA,NA,1,NA,NA,NA,NA,NA,NA,NA,NA,NA,NA,NA,NA,1,NA,NA,NA,NA,1,NA,NA
Plecturocebus ornatus,PRIMATES,NA,NA,NA,NA,NA,1,NA,NA,1,NA,NA,NA,NA,1,NA,1,NA,NA,NA,1,NA,NA,NA,NA,NA,NA,NA,NA,NA,NA,NA,NA
Plecturocebus discolor,PRIMATES,NA,NA,NA,NA,NA,NA,NA,NA,NA,NA,NA,NA,NA,NA,NA,NA,NA,NA,NA,NA,NA,NA,1,NA,NA,NA,NA,NA,NA,NA,NA,NA
Plecturocebus caquetensis,PRIMATES,NA,NA,NA,NA,NA,NA,NA,1,NA,NA,NA,NA,NA,NA,NA,NA,NA,NA,NA,NA,NA,NA,NA,NA,NA,NA,NA,NA,NA,NA,NA,NA
Pithecia hirsuta,PRIMATES,1,NA,NA,NA,NA,NA,NA,1,NA,NA,NA,NA,NA,NA,NA,NA,NA,NA,NA,NA,NA,NA,NA,NA,NA,NA,NA,NA,NA,NA,NA,NA
Leontocebus nigricollis,PRIMATES,1,NA,NA,NA,NA,NA,NA,NA,NA,NA,NA,NA,NA,NA,NA,NA,NA,NA,NA,NA,NA,NA,1,NA,NA,NA,NA,NA,NA,NA,NA,NA
Leontocebus fuscus,PRIMATES,1,NA,NA,NA,NA,NA,NA,1,NA,1,NA,NA,NA,NA,NA,NA,NA,NA,NA,NA,NA,NA,1,NA,NA,NA,NA,NA,NA,NA,1,NA
Lagothrix lagothricha,PRIMATES,1,1,1,NA,1,1,NA,1,1,1,NA,NA,NA,1,1,1,1,NA,NA,1,1,NA,1,NA,NA,NA,NA,1,1,NA,1,1
Cheracebus medemi,PRIMATES,NA,NA,NA,NA,NA,NA,NA,1,NA,1,NA,NA,NA,NA,NA,NA,NA,NA,NA,NA,NA,NA,1,NA,NA,NA,NA,NA,NA,NA,NA,NA
Cheracebus lugens,PRIMATES,1,NA,NA,NA,NA,NA,NA,1,NA,1,NA,NA,NA,NA,1,1,NA,NA,NA,1,NA,NA,1,NA,NA,NA,NA,NA,NA,NA,1,1
Cheracebus lucifer,PRIMATES,1,NA,NA,NA,NA,NA,NA,1,NA,NA,NA,NA,NA,NA,NA,NA,NA,NA,NA,NA,NA,NA,1,NA,NA,NA,NA,NA,NA,NA,1,NA
Cebus leucocephalus,PRIMATES,NA,NA,NA,NA,NA,NA,NA,NA,NA,NA,1,NA,NA,NA,NA,NA,NA,1,NA,NA,NA,1,NA,NA,NA,NA,NA,NA,NA,NA,NA,NA
Cebus albifrons,PRIMATES,NA,NA,NA,1,1,NA,NA,NA,NA,NA,1,NA,NA,NA,NA,NA,NA,1,1,NA,NA,NA,NA,NA,NA,NA,NA,NA,NA,NA,NA,NA
Cebuella pygmaea,PRIMATES,1,NA,NA,NA,NA,NA,NA,1,NA,1,NA,NA,NA,NA,NA,NA,NA,NA,NA,NA,1,NA,1,NA,NA,NA,NA,NA,NA,NA,1,NA
Callimico goeldii,PRIMATES,1,NA,NA,NA,NA,NA,NA,1,NA,1,NA,NA,NA,NA,NA,NA,NA,NA,NA,NA,1,NA,1,NA,NA,NA,NA,NA,NA,NA,NA,NA
Cacajao melanocephalus,PRIMATES,1,NA,NA,NA,NA,NA,NA,1,NA,NA,NA,NA,NA,NA,1,1,NA,NA,NA,1,NA,NA,NA,NA,NA,NA,NA,NA,NA,NA,1,1
Ateles hybridus,PRIMATES,NA,1,NA,NA,1,1,1,NA,NA,NA,NA,NA,NA,NA,NA,NA,NA,NA,NA,NA,NA,NA,NA,NA,NA,NA,1,NA,NA,NA,NA,NA
Ateles fusciceps,PRIMATES,NA,1,NA,NA,1,NA,1,NA,NA,1,NA,1,1,NA,NA,NA,NA,NA,1,NA,1,NA,NA,NA,1,NA,NA,1,NA,1,NA,NA
Ateles belzebuth,PRIMATES,1,NA,1,NA,NA,1,NA,1,1,1,NA,NA,NA,1,1,1,NA,NA,NA,1,1,NA,1,NA,NA,NA,NA,NA,NA,NA,1,NA
Aotus zonalis,PRIMATES,NA,1,NA,NA,NA,NA,1,NA,NA,1,NA,1,1,NA,NA,NA,NA,NA,NA,NA,NA,NA,NA,NA,1,NA,NA,NA,NA,1,NA,NA
Aotus vociferans,PRIMATES,1,NA,NA,NA,NA,NA,NA,1,NA,1,NA,NA,NA,NA,1,1,1,NA,NA,1,1,NA,1,NA,NA,NA,NA,NA,NA,NA,1,1
Aotus trivirgatus,PRIMATES,NA,NA,NA,NA,NA,NA,NA,NA,NA,NA,NA,NA,NA,NA,1,NA,NA,NA,NA,NA,NA,NA,NA,NA,NA,NA,NA,NA,NA,NA,NA,1
Aotus nancymaae,PRIMATES,1,NA,NA,NA,NA,NA,NA,NA,NA,NA,NA,NA,NA,NA,NA,NA,NA,NA,NA,NA,NA,NA,NA,NA,NA,NA,NA,NA,NA,NA,NA,NA
Aotus lemurinus,PRIMATES,NA,1,1,NA,NA,1,1,1,1,1,NA,1,1,1,NA,NA,1,NA,NA,1,1,1,1,1,1,NA,1,NA,1,1,NA,NA
Aotus jorgehernandezi,PRIMATES,NA,NA,NA,NA,NA,NA,NA,NA,NA,NA,NA,1,NA,NA,NA,NA,NA,NA,NA,NA,NA,NA,NA,NA,1,NA,NA,NA,NA,NA,NA,NA
Aotus griseimembra,PRIMATES,NA,1,NA,1,1,1,1,NA,NA,1,1,NA,1,1,NA,NA,1,1,1,NA,NA,1,NA,NA,NA,NA,1,1,1,NA,NA,NA
Aotus brumbacki,PRIMATES,NA,NA,1,NA,NA,1,NA,NA,1,NA,NA,NA,NA,1,NA,1,NA,NA,NA,1,NA,NA,NA,NA,NA,NA,NA,NA,NA,NA,NA,1
Alouatta seniculus,PRIMATES,1,1,1,1,1,1,1,1,1,1,1,1,1,1,1,1,1,1,1,1,1,1,1,1,1,NA,1,1,1,1,1,1
Alouatta palliata,PRIMATES,NA,1,NA,1,1,NA,NA,NA,NA,1,NA,1,1,NA,NA,NA,NA,NA,1,NA,1,NA,NA,NA,NA,NA,NA,1,NA,1,NA,NA
Zygodontomys brunneus,RODENTIA,NA,1,NA,NA,1,1,1,NA,NA,1,NA,NA,NA,1,NA,NA,1,NA,NA,NA,1,NA,NA,1,1,NA,1,NA,1,1,NA,NA
Zygodontomys brevicauda,RODENTIA,NA,1,1,1,1,1,NA,NA,1,NA,1,1,1,NA,1,1,NA,1,1,1,NA,1,NA,NA,NA,NA,NA,1,NA,NA,NA,1
Tylomys mirae,RODENTIA,NA,1,NA,NA,1,1,1,NA,NA,1,NA,1,1,1,NA,NA,NA,NA,NA,NA,1,NA,NA,NA,NA,NA,1,NA,1,1,NA,NA
Transandinomys talamancae,RODENTIA,NA,1,NA,1,1,1,1,NA,NA,1,1,1,1,1,NA,NA,NA,1,1,NA,1,1,NA,NA,1,NA,1,1,1,1,NA,NA
Transandinomys bolivaris,RODENTIA,NA,1,NA,NA,NA,NA,NA,NA,NA,1,NA,1,NA,NA,NA,NA,NA,NA,NA,NA,1,NA,NA,NA,NA,NA,NA,NA,NA,1,NA,NA
Thomasomys princeps,RODENTIA,NA,NA,NA,NA,NA,1,NA,NA,NA,NA,NA,NA,NA,1,NA,NA,NA,NA,NA,1,NA,NA,NA,NA,NA,NA,NA,NA,1,NA,NA,NA
Thomasomys popayanus,RODENTIA,NA,1,NA,NA,NA,NA,NA,NA,NA,1,NA,1,NA,NA,NA,NA,NA,NA,NA,NA,NA,NA,NA,NA,1,NA,NA,NA,NA,1,NA,NA
Thomasomys paramorum,RODENTIA,NA,NA,NA,NA,NA,NA,NA,NA,NA,NA,NA,NA,NA,NA,NA,NA,NA,NA,NA,NA,1,NA,NA,NA,NA,NA,NA,NA,NA,NA,NA,NA
Thomasomys niveipes,RODENTIA,NA,NA,NA,NA,NA,1,NA,NA,1,NA,NA,NA,NA,1,NA,NA,NA,NA,NA,1,NA,NA,NA,NA,NA,NA,1,NA,NA,NA,NA,NA
Thomasomys nicefori,RODENTIA,NA,1,NA,NA,NA,NA,1,NA,NA,NA,NA,1,NA,NA,NA,NA,NA,NA,NA,NA,NA,NA,NA,1,1,NA,NA,NA,1,1,NA,NA
Thomasomys monochromos,RODENTIA,NA,NA,NA,NA,NA,NA,NA,NA,NA,NA,1,NA,NA,NA,NA,NA,NA,1,1,NA,NA,NA,NA,NA,NA,NA,NA,NA,NA,NA,NA,NA
Thomasomys laniger,RODENTIA,NA,NA,NA,NA,NA,1,NA,NA,1,1,NA,NA,NA,1,NA,NA,1,NA,NA,1,NA,NA,NA,NA,NA,NA,1,NA,1,NA,NA,NA
Thomasomys hylophilus,RODENTIA,NA,NA,NA,NA,NA,1,NA,NA,NA,NA,NA,NA,NA,NA,NA,NA,NA,NA,NA,NA,NA,1,NA,NA,NA,NA,1,NA,NA,NA,NA,NA
Thomasomys dispar,RODENTIA,NA,NA,NA,NA,NA,NA,NA,1,NA,1,NA,NA,NA,NA,NA,NA,1,NA,NA,NA,1,NA,NA,NA,NA,NA,NA,NA,NA,NA,NA,NA
Thomasomys contradictus,RODENTIA,NA,1,NA,NA,NA,NA,1,NA,NA,1,NA,NA,NA,NA,NA,NA,1,NA,NA,NA,1,NA,NA,1,1,NA,NA,NA,1,1,NA,NA
Thomasomys cinnameus,RODENTIA,NA,NA,NA,NA,NA,NA,NA,NA,NA,NA,NA,NA,NA,NA,NA,NA,NA,NA,NA,NA,1,NA,NA,NA,NA,NA,NA,NA,NA,NA,NA,NA
Thomasomys cinereiventer,RODENTIA,NA,1,NA,NA,NA,NA,1,NA,NA,1,NA,1,NA,NA,NA,NA,1,NA,NA,NA,NA,NA,NA,1,1,NA,NA,NA,1,1,NA,NA
Thomasomys bombycinus,RODENTIA,NA,1,NA,NA,NA,NA,1,NA,NA,NA,NA,1,NA,NA,NA,NA,NA,NA,NA,NA,NA,NA,NA,NA,1,NA,NA,NA,NA,1,NA,NA
Thomasomys baeops,RODENTIA,NA,NA,NA,NA,NA,NA,1,NA,NA,1,NA,NA,NA,NA,NA,NA,1,NA,NA,NA,1,NA,1,1,1,NA,NA,NA,1,1,NA,NA
Thomasomys aureus,RODENTIA,NA,1,NA,NA,NA,1,1,1,NA,1,NA,1,NA,1,NA,NA,1,NA,NA,NA,1,1,1,1,1,NA,1,NA,1,1,NA,NA
Sigmodontomys alfari,RODENTIA,NA,1,NA,1,1,1,NA,NA,NA,1,1,1,1,NA,NA,NA,NA,1,1,NA,1,1,NA,NA,1,NA,1,1,NA,1,NA,NA
Sigmodon hirsutus,RODENTIA,NA,1,NA,NA,1,1,1,1,NA,1,1,NA,1,1,NA,NA,1,1,1,1,NA,1,NA,NA,NA,NA,1,1,1,NA,NA,NA
Sigmodon alstoni,RODENTIA,NA,1,1,NA,NA,1,NA,NA,1,NA,1,NA,NA,NA,1,NA,NA,1,NA,1,NA,NA,NA,NA,NA,NA,NA,NA,NA,NA,NA,1
Scolomys ucayalensis,RODENTIA,1,NA,NA,NA,NA,NA,NA,NA,NA,NA,NA,NA,NA,NA,NA,NA,NA,NA,NA,NA,NA,NA,NA,NA,NA,NA,NA,NA,NA,NA,NA,NA
Sciurillus pusillus,RODENTIA,1,NA,NA,NA,NA,NA,NA,1,NA,1,NA,NA,NA,NA,NA,1,1,NA,NA,1,NA,NA,1,NA,NA,NA,NA,NA,1,NA,1,NA
Santamartamys rufodorsalis,RODENTIA,NA,NA,NA,NA,NA,NA,NA,NA,NA,NA,NA,NA,NA,NA,NA,NA,NA,NA,1,NA,NA,NA,NA,NA,NA,NA,NA,NA,NA,NA,NA,NA
Rhipidomys venezuelae,RODENTIA,NA,NA,NA,NA,NA,NA,NA,NA,NA,NA,1,NA,NA,NA,NA,NA,NA,1,1,NA,NA,1,NA,NA,NA,NA,NA,NA,NA,NA,NA,NA
Rhipidomys leucodactylus,RODENTIA,1,NA,NA,NA,NA,NA,NA,1,NA,1,NA,NA,NA,NA,1,1,1,NA,NA,1,1,NA,1,NA,NA,NA,NA,NA,NA,NA,1,NA
Rhipidomys latimanus,RODENTIA,NA,1,NA,NA,NA,1,1,1,NA,1,NA,1,1,1,NA,NA,1,NA,NA,1,1,NA,1,1,1,NA,1,NA,1,1,NA,NA
Rhipidomys fulviventer,RODENTIA,NA,NA,1,NA,NA,1,NA,1,1,1,NA,NA,NA,1,NA,NA,1,NA,NA,1,NA,1,NA,NA,NA,NA,1,NA,NA,1,NA,NA
Rhipidomys couesi,RODENTIA,NA,NA,1,NA,NA,1,NA,NA,1,NA,NA,NA,NA,1,NA,NA,NA,NA,NA,1,NA,1,NA,NA,NA,NA,NA,NA,NA,NA,NA,NA
Rhipidomys caucensis,RODENTIA,NA,1,NA,NA,NA,NA,1,NA,NA,1,NA,1,NA,NA,NA,NA,1,NA,NA,NA,NA,NA,NA,1,1,NA,NA,NA,1,1,NA,NA
Reithrodontomys mexicanus,RODENTIA,NA,1,NA,NA,NA,NA,1,1,NA,1,NA,1,1,NA,NA,NA,1,NA,NA,NA,1,NA,1,1,1,NA,NA,NA,1,1,NA,NA
Proechimys simonsi,RODENTIA,1,NA,NA,NA,NA,NA,NA,NA,NA,NA,NA,NA,NA,NA,NA,NA,NA,NA,NA,NA,NA,NA,1,NA,NA,NA,NA,NA,NA,NA,NA,NA
Proechimys semispinosus,RODENTIA,NA,NA,NA,NA,NA,NA,NA,NA,NA,NA,NA,NA,NA,NA,NA,NA,NA,NA,NA,NA,NA,NA,NA,NA,NA,NA,NA,NA,NA,1,NA,NA
Proechimys quadruplicatus,RODENTIA,1,NA,NA,NA,NA,NA,NA,1,NA,1,NA,NA,NA,NA,1,1,NA,NA,NA,1,1,NA,1,NA,NA,NA,NA,NA,NA,NA,1,1
Proechimys oconnelli,RODENTIA,NA,NA,NA,NA,NA,NA,NA,NA,1,NA,NA,NA,NA,1,NA,NA,NA,NA,NA,1,NA,NA,NA,NA,NA,NA,NA,NA,NA,NA,NA,1
Proechimys mincae,RODENTIA,NA,NA,NA,NA,NA,NA,NA,NA,NA,NA,NA,NA,NA,NA,NA,NA,NA,NA,1,NA,NA,NA,NA,NA,NA,NA,NA,NA,NA,NA,NA,NA
Proechimys guairae,RODENTIA,NA,NA,1,NA,1,1,NA,NA,1,NA,1,NA,NA,NA,NA,NA,NA,1,NA,NA,NA,1,NA,NA,NA,NA,1,NA,NA,NA,NA,NA
Proechimys chrysaeolus,RODENTIA,NA,1,NA,NA,NA,1,NA,NA,NA,NA,1,NA,NA,1,NA,NA,NA,NA,NA,NA,NA,1,NA,NA,NA,NA,1,NA,NA,NA,NA,NA
Proechimys canicollis,RODENTIA,NA,NA,NA,1,NA,NA,NA,NA,NA,NA,1,NA,NA,NA,NA,NA,NA,1,1,NA,NA,NA,NA,NA,NA,NA,NA,NA,NA,NA,NA,NA
Proechimys brevicauda,RODENTIA,1,NA,NA,NA,NA,NA,NA,1,NA,1,NA,NA,NA,NA,NA,NA,1,NA,NA,NA,1,NA,1,NA,NA,NA,NA,NA,NA,NA,NA,NA
Pattonomys semivillosus,RODENTIA,NA,NA,NA,1,1,NA,NA,NA,NA,NA,1,NA,NA,NA,NA,NA,NA,1,1,NA,NA,1,NA,NA,NA,NA,1,1,NA,NA,NA,NA
Oryzomys gorgasi,RODENTIA,NA,1,NA,1,1,NA,NA,NA,NA,NA,1,1,1,NA,NA,NA,NA,1,1,NA,NA,NA,NA,NA,NA,NA,NA,1,NA,NA,NA,NA
Oryzomys couesi,RODENTIA,NA,1,NA,NA,1,NA,NA,NA,NA,NA,1,1,1,NA,NA,NA,NA,NA,NA,NA,NA,1,NA,NA,NA,NA,1,1,NA,NA,NA,NA
Oligoryzomys griseolus,RODENTIA,NA,NA,1,NA,NA,1,NA,NA,1,NA,NA,NA,NA,1,NA,NA,1,NA,NA,1,NA,1,NA,NA,NA,NA,1,NA,1,NA,NA,NA
Oligoryzomys destructor,RODENTIA,NA,NA,NA,NA,NA,NA,NA,NA,NA,NA,NA,NA,NA,NA,NA,NA,NA,NA,NA,NA,1,NA,NA,NA,NA,NA,NA,NA,NA,NA,NA,NA
Oligoryzomys delicatus,RODENTIA,1,1,1,NA,1,1,1,1,1,1,1,1,1,1,1,1,1,1,1,1,1,1,1,1,1,NA,NA,NA,1,1,1,1
Oecomys trinitatis,RODENTIA,NA,NA,NA,NA,NA,NA,NA,NA,NA,NA,NA,1,NA,NA,NA,NA,NA,NA,NA,NA,NA,NA,NA,NA,NA,NA,NA,NA,NA,NA,NA,NA
Oecomys superans,RODENTIA,1,NA,NA,NA,NA,NA,NA,1,NA,1,NA,NA,NA,NA,NA,1,1,NA,NA,1,1,NA,1,NA,NA,NA,NA,NA,NA,NA,1,NA
Oecomys speciosus,RODENTIA,NA,NA,NA,1,1,NA,NA,NA,NA,NA,1,NA,NA,NA,NA,NA,NA,1,1,NA,NA,NA,NA,NA,NA,NA,NA,NA,NA,NA,NA,NA
Oecomys roberti,RODENTIA,1,NA,NA,NA,NA,NA,NA,NA,NA,NA,NA,NA,NA,NA,1,NA,NA,NA,NA,NA,NA,NA,NA,NA,NA,NA,NA,NA,NA,NA,1,NA
Oecomys flavicans,RODENTIA,NA,NA,NA,NA,NA,NA,NA,NA,NA,NA,1,NA,NA,NA,NA,NA,NA,1,1,NA,NA,1,NA,NA,NA,NA,NA,NA,NA,NA,NA,NA
Oecomys concolor,RODENTIA,1,NA,1,NA,NA,NA,NA,1,1,1,1,NA,NA,1,1,1,1,1,NA,1,NA,1,1,NA,NA,NA,NA,NA,NA,NA,1,1
Oecomys bicolor,RODENTIA,1,1,1,NA,NA,NA,1,1,1,1,1,1,NA,1,1,1,NA,1,NA,1,1,1,1,NA,1,NA,NA,NA,NA,1,1,1
Neusticomys monticolus,RODENTIA,NA,1,NA,NA,NA,NA,1,NA,NA,1,NA,NA,NA,NA,NA,NA,1,NA,NA,NA,1,NA,1,1,1,NA,NA,NA,1,1,NA,NA
Neomicroxus bogotensis,RODENTIA,NA,NA,1,NA,NA,1,NA,1,1,NA,NA,NA,NA,1,NA,NA,1,NA,NA,1,NA,1,NA,NA,NA,NA,1,NA,1,NA,NA,NA
Nectomys rattus,RODENTIA,1,1,1,NA,1,1,1,1,1,NA,1,NA,1,1,1,1,1,NA,1,1,NA,1,1,1,1,NA,1,1,1,NA,1,1
Nectomys grandis,RODENTIA,NA,1,NA,NA,1,1,1,1,NA,1,1,NA,NA,1,NA,NA,1,NA,NA,1,NA,1,NA,1,1,NA,1,NA,1,1,NA,NA
Necromys urichi,RODENTIA,NA,NA,1,NA,NA,1,NA,NA,1,NA,NA,NA,NA,1,NA,NA,NA,NA,NA,1,NA,1,NA,NA,NA,NA,NA,NA,NA,NA,NA,NA
Necromys punctulatus,RODENTIA,NA,NA,NA,NA,NA,NA,NA,1,NA,1,NA,NA,NA,1,NA,NA,1,NA,NA,1,1,NA,1,NA,NA,NA,NA,NA,1,NA,NA,NA
Neacomys tenuipes,RODENTIA,NA,1,NA,NA,1,1,1,1,NA,1,1,1,1,1,NA,NA,1,NA,NA,1,1,1,1,1,1,NA,1,NA,1,1,NA,NA
Neacomys spinosus,RODENTIA,1,NA,NA,NA,NA,NA,NA,1,NA,NA,NA,NA,NA,NA,NA,1,NA,NA,NA,1,NA,NA,1,NA,NA,NA,NA,NA,NA,NA,1,NA
Myoprocta pratti,RODENTIA,1,NA,NA,NA,NA,NA,NA,1,1,1,NA,NA,NA,NA,1,1,1,NA,NA,1,1,NA,1,NA,NA,NA,NA,NA,NA,NA,1,1
Microsciurus flaviventer,RODENTIA,1,NA,NA,NA,NA,NA,NA,1,NA,1,NA,NA,NA,NA,NA,1,1,NA,NA,1,1,NA,1,NA,NA,NA,NA,NA,NA,NA,1,NA
Microryzomys minutus,RODENTIA,NA,1,1,NA,NA,1,1,1,1,1,1,1,1,1,NA,NA,1,1,1,1,1,1,1,1,1,NA,1,NA,1,1,NA,NA
Microryzomys altissimus,RODENTIA,NA,NA,NA,NA,NA,NA,1,NA,NA,NA,NA,NA,NA,NA,NA,NA,NA,NA,NA,NA,NA,NA,NA,1,1,NA,NA,NA,1,NA,NA,NA
Mesomys hispidus,RODENTIA,1,NA,NA,NA,NA,NA,NA,1,NA,1,NA,NA,NA,NA,1,1,NA,NA,NA,1,NA,NA,1,NA,NA,NA,NA,NA,NA,NA,1,1
Melanomys caliginosus,RODENTIA,NA,1,1,NA,1,1,1,1,1,1,1,1,1,1,NA,NA,1,1,NA,1,1,1,1,1,1,NA,1,1,1,1,NA,NA
Isthmomys pirrensis,RODENTIA,NA,NA,NA,NA,NA,NA,NA,NA,NA,NA,NA,1,NA,NA,NA,NA,NA,NA,NA,NA,NA,NA,NA,NA,NA,NA,NA,NA,NA,NA,NA,NA
Isothrix orinoci,RODENTIA,NA,NA,NA,NA,NA,NA,NA,NA,NA,NA,NA,NA,NA,NA,NA,NA,NA,NA,NA,NA,NA,NA,NA,NA,NA,NA,NA,NA,NA,NA,NA,1
Isothrix bistriata,RODENTIA,1,NA,NA,NA,NA,NA,NA,1,NA,1,NA,NA,NA,NA,NA,NA,NA,NA,NA,NA,1,NA,1,NA,NA,NA,NA,NA,NA,NA,NA,NA
Ichthyomys hydrobates,RODENTIA,NA,1,NA,NA,NA,1,1,NA,NA,1,NA,NA,NA,1,NA,NA,1,NA,NA,NA,1,1,1,1,1,NA,1,NA,1,1,NA,NA
Hylaeamys yunganus,RODENTIA,1,NA,NA,NA,NA,1,NA,1,1,1,NA,NA,NA,1,1,1,NA,NA,NA,1,1,NA,1,NA,NA,NA,NA,NA,NA,NA,NA,1
Hylaeamys perenensis,RODENTIA,1,NA,NA,NA,NA,NA,NA,1,NA,NA,NA,NA,NA,NA,1,1,NA,NA,NA,NA,NA,NA,1,NA,NA,NA,NA,NA,NA,NA,1,NA
Hydrochoerus isthmius,RODENTIA,NA,1,NA,1,1,1,1,NA,NA,NA,1,1,1,NA,NA,NA,NA,1,1,NA,NA,1,NA,1,1,NA,1,1,1,1,NA,NA
Hydrochoerus hydrochaeris,RODENTIA,1,NA,1,NA,NA,NA,NA,1,1,1,NA,NA,NA,NA,1,1,NA,NA,NA,1,1,NA,1,NA,NA,NA,NA,NA,NA,NA,1,1
Hoplomys gymnurus,RODENTIA,NA,1,NA,NA,NA,NA,NA,NA,NA,1,NA,1,1,NA,NA,NA,NA,NA,NA,NA,1,NA,NA,NA,1,NA,NA,NA,NA,1,NA,NA
Holochilus sciureus,RODENTIA,1,NA,1,NA,NA,1,NA,1,1,1,NA,NA,NA,1,1,1,NA,NA,NA,1,1,NA,1,NA,NA,NA,NA,NA,NA,NA,1,1
Heteromys desmarestianus,RODENTIA,NA,1,NA,NA,NA,NA,NA,NA,NA,NA,NA,1,NA,NA,NA,NA,NA,NA,NA,NA,NA,NA,NA,NA,NA,NA,NA,NA,NA,NA,NA,NA
Heteromys australis,RODENTIA,NA,1,NA,NA,NA,1,1,1,NA,1,NA,1,1,1,NA,NA,1,NA,NA,1,1,NA,NA,1,1,NA,1,NA,1,1,NA,NA
Heteromys anomalus,RODENTIA,NA,1,NA,1,1,1,1,NA,NA,NA,1,NA,1,1,NA,NA,1,1,1,NA,NA,1,NA,NA,NA,NA,NA,1,1,NA,NA,NA
Handleyomys intectus,RODENTIA,NA,1,NA,NA,NA,NA,1,NA,NA,NA,NA,NA,NA,NA,NA,NA,NA,NA,NA,NA,NA,NA,NA,1,1,NA,NA,NA,1,NA,NA,NA
Handleyomys fuscatus,RODENTIA,NA,1,NA,NA,1,NA,1,NA,NA,1,NA,1,1,NA,NA,NA,1,NA,NA,NA,1,NA,NA,1,1,NA,NA,NA,1,1,NA,NA
Handleyomys alfaroi,RODENTIA,NA,1,1,NA,NA,1,1,1,1,1,1,1,1,1,NA,NA,1,1,NA,1,1,1,1,1,1,NA,1,NA,1,1,NA,NA
Hadrosciurus spadiceus,RODENTIA,1,NA,NA,NA,NA,NA,NA,1,1,1,NA,NA,NA,1,NA,1,1,NA,NA,1,1,NA,1,NA,NA,NA,NA,NA,NA,NA,1,1
Hadrosciurus igniventris,RODENTIA,1,1,1,NA,NA,1,NA,1,1,1,1,NA,NA,1,1,1,NA,1,1,1,1,1,1,NA,NA,NA,1,NA,NA,NA,1,1
Guerlinguetus aestuans,RODENTIA,1,NA,NA,NA,NA,NA,NA,1,NA,NA,NA,NA,NA,NA,NA,1,NA,NA,NA,NA,NA,NA,NA,NA,NA,NA,NA,NA,NA,NA,1,NA
Euryoryzomys macconnelli,RODENTIA,1,NA,NA,NA,NA,NA,NA,1,1,1,NA,NA,NA,1,1,1,1,NA,NA,1,1,NA,1,NA,NA,NA,NA,NA,NA,NA,1,1
Diplomys labilis,RODENTIA,NA,1,NA,NA,NA,NA,NA,NA,NA,1,NA,1,NA,NA,NA,NA,NA,NA,NA,NA,1,NA,NA,NA,NA,NA,NA,NA,NA,1,NA,NA
Diplomys caniceps,RODENTIA,NA,1,NA,NA,NA,NA,NA,NA,NA,NA,NA,NA,NA,NA,NA,NA,NA,NA,NA,NA,NA,NA,NA,NA,NA,NA,NA,NA,NA,NA,NA,NA
Dinomys branickii,RODENTIA,NA,1,NA,NA,NA,1,1,1,NA,1,1,1,1,1,NA,NA,1,NA,NA,1,1,1,1,1,1,NA,1,NA,1,1,NA,NA
Dasyprocta punctata,RODENTIA,NA,1,1,1,1,1,1,1,1,1,1,1,1,1,NA,NA,1,1,1,1,1,1,1,1,1,NA,1,1,1,1,NA,NA
Dasyprocta fuliginosa,RODENTIA,1,NA,1,1,1,NA,NA,1,1,1,1,NA,NA,NA,1,1,NA,1,1,1,1,1,1,NA,NA,NA,1,NA,NA,NA,1,1
Dactylomys dactylinus,RODENTIA,1,NA,NA,NA,NA,NA,NA,1,NA,1,NA,NA,NA,NA,NA,NA,NA,NA,NA,1,NA,NA,1,NA,NA,NA,NA,NA,NA,NA,NA,NA
Cuniculus taczanowskii,RODENTIA,NA,1,1,NA,NA,1,1,1,1,1,NA,1,NA,1,NA,NA,1,NA,NA,1,1,1,1,1,1,NA,1,NA,1,1,NA,NA
Cuniculus paca,RODENTIA,1,1,1,NA,1,1,1,1,1,1,1,1,1,1,1,1,1,1,1,1,1,1,1,1,1,NA,1,1,1,1,1,1
Coendou vestitus,RODENTIA,NA,NA,NA,NA,NA,NA,NA,NA,NA,NA,NA,NA,NA,1,NA,NA,NA,NA,NA,NA,NA,NA,NA,NA,NA,NA,NA,NA,1,NA,NA,NA
Coendou rufescens,RODENTIA,NA,1,NA,NA,NA,1,1,1,1,1,NA,1,NA,1,NA,NA,1,NA,NA,1,1,NA,1,1,1,NA,1,NA,1,1,NA,NA
Coendou quichua,RODENTIA,NA,1,NA,NA,1,1,1,1,NA,1,1,1,1,1,NA,NA,1,NA,NA,1,1,1,1,1,1,NA,1,1,1,1,NA,NA
Coendou pruinosus,RODENTIA,NA,NA,1,NA,NA,1,NA,NA,1,NA,NA,NA,NA,1,NA,NA,NA,NA,NA,1,NA,1,NA,NA,NA,NA,1,NA,NA,NA,NA,NA
Chilomys instans,RODENTIA,NA,1,1,NA,NA,1,1,1,1,1,NA,NA,NA,1,NA,NA,1,NA,NA,1,1,1,1,1,1,NA,1,NA,1,1,NA,NA
Chibchanomys trichotis,RODENTIA,NA,NA,1,NA,NA,1,NA,NA,1,NA,NA,NA,NA,1,NA,NA,NA,NA,NA,NA,NA,1,NA,NA,NA,NA,1,NA,1,NA,NA,NA
Cavia aperea,RODENTIA,NA,1,1,NA,NA,1,1,1,1,1,NA,NA,NA,1,NA,NA,1,NA,NA,1,NA,NA,NA,1,1,NA,1,NA,1,1,NA,1
Calomys hummelincki,RODENTIA,NA,NA,NA,NA,NA,NA,NA,NA,NA,NA,1,NA,NA,NA,NA,NA,NA,1,NA,NA,NA,NA,NA,NA,NA,NA,NA,NA,NA,NA,NA,1
Anotomys leander,RODENTIA,NA,NA,NA,NA,NA,NA,NA,NA,NA,NA,NA,NA,NA,NA,NA,NA,NA,NA,NA,NA,NA,NA,NA,NA,NA,NA,NA,NA,1,NA,NA,NA
Akodon affinis,RODENTIA,NA,1,NA,NA,NA,NA,1,NA,NA,1,NA,1,NA,NA,NA,NA,1,NA,NA,NA,NA,NA,NA,1,1,NA,NA,NA,1,1,NA,NA
